"ISSN","COLOUR","DOI","URL","FOUND"
"1076-6332","green","10.1016/j.acra.2014.06.014","http://europepmc.org/articles/PMC4234081","europepmc"
"0001-4575","green","10.1016/j.aap.2015.10.016","http://europepmc.org/articles/PMC4682170","europepmc"
"0001-4575","green","10.1016/j.aap.2015.10.017","http://europepmc.org/articles/PMC4682169","europepmc"
"1742-7061","green","10.1016/j.actbio.2015.03.020","http://europepmc.org/articles/PMC4414373","europepmc"
"1742-7061","green","10.1016/j.actbio.2015.06.007","http://europepmc.org/articles/PMC4550494","europepmc"
"1742-7061","green","10.1016/j.actbio.2014.10.034","http://europepmc.org/articles/PMC4298359","europepmc"
"1742-7061","green","10.1016/j.actbio.2013.11.008","http://europepmc.org/articles/PMC3907683","europepmc"
"1742-7061","green","10.1016/j.actbio.2015.05.016","http://europepmc.org/articles/PMC4535318","europepmc"
"1742-7061","green","10.1016/j.actbio.2014.07.001","http://europepmc.org/articles/PMC4199142","europepmc"
"1742-7061","green","10.1016/j.actbio.2014.08.015","http://europepmc.org/articles/PMC4226323","europepmc"
"1742-7061","green","10.1016/j.actbio.2015.10.019","http://europepmc.org/articles/PMC4678952","europepmc"
"1742-7061","green","10.1016/j.actbio.2015.07.034","http://europepmc.org/articles/PMC4570933","europepmc"
"1742-7061","green","10.1016/j.actbio.2015.07.009","http://europepmc.org/articles/PMC4570929","europepmc"
"1742-7061","green","10.1016/j.actbio.2013.12.030","http://europepmc.org/articles/PMC3991416","europepmc"
"1742-7061","green","10.1016/j.actbio.2014.09.001","http://europepmc.org/articles/PMC4226324","europepmc"
"0065-1281","green","10.1016/j.acthis.2015.01.003","http://europepmc.org/articles/PMC4516852","europepmc"
"1359-6454","green","10.1016/j.actamat.2013.12.036","http://europepmc.org/articles/PMC3990421","europepmc"
"1359-6454","green","10.1016/j.actamat.2014.10.006","http://europepmc.org/articles/PMC4308001","europepmc"
"1359-6454","green","10.1016/j.actamat.2015.01.047","http://europepmc.org/articles/PMC4394140","europepmc"
"1359-6454","green","10.1016/j.actamat.2014.06.010","http://europepmc.org/articles/PMC4144822","europepmc"
"2211-3835","green","10.1016/j.apsb.2015.03.010","http://europepmc.org/articles/PMC4629260","europepmc"
"2211-3835","green","10.1016/j.apsb.2015.03.005","http://europepmc.org/articles/PMC4629234","europepmc"
"2211-3835","green","10.1016/j.apsb.2015.03.001","http://europepmc.org/articles/PMC4629232","europepmc"
"2211-3835","green","10.1016/j.apsb.2014.05.001","http://europepmc.org/articles/PMC4629092","europepmc"
"2211-3835","green","10.1016/j.apsb.2014.05.002","http://europepmc.org/articles/PMC4629125","europepmc"
"2211-3835","green","10.1016/j.apsb.2014.06.001","http://europepmc.org/articles/PMC4629093","europepmc"
"2211-3835","green","10.1016/j.apsb.2014.06.010","http://europepmc.org/articles/PMC4629091","europepmc"
"2211-3835","green","10.1016/j.apsb.2014.06.011","http://europepmc.org/articles/PMC4629081","europepmc"
"2211-3835","green","10.1016/j.apsb.2014.06.009","http://europepmc.org/articles/PMC4629082","europepmc"
"2211-3835","green","10.1016/j.apsb.2014.06.005","http://europepmc.org/articles/PMC4629080","europepmc"
"2211-3835","green","10.1016/j.apsb.2014.06.007","http://europepmc.org/articles/PMC4629086","europepmc"
"2211-3835","green","10.1016/j.apsb.2014.06.002","http://europepmc.org/articles/PMC4629077","europepmc"
"2211-3835","green","10.1016/j.apsb.2014.05.003","http://europepmc.org/articles/PMC4629094","europepmc"
"2211-3835","green","10.1016/j.apsb.2014.06.004","http://europepmc.org/articles/PMC4629078","europepmc"
"2211-3835","green","10.1016/j.apsb.2014.06.008","http://europepmc.org/articles/PMC4629087","europepmc"
"2211-3835","green","10.1016/j.apsb.2014.06.003","http://europepmc.org/articles/PMC4629079","europepmc"
"2211-3835","green","10.1016/j.apsb.2014.06.006","http://europepmc.org/articles/PMC4629085","europepmc"
"2211-3835","green","10.1016/j.apsb.2014.06.012","http://europepmc.org/articles/PMC4629089","europepmc"
"2211-3835","green","10.1016/j.apsb.2014.06.013","http://europepmc.org/articles/PMC4629100","europepmc"
"2211-3835","green","10.1016/j.apsb.2014.07.001","http://europepmc.org/articles/PMC4629095","europepmc"
"2211-3835","green","10.1016/j.apsb.2014.07.003","http://europepmc.org/articles/PMC4629084","europepmc"
"2211-3835","green","10.1016/j.apsb.2014.07.002","http://europepmc.org/articles/PMC4629083","europepmc"
"2211-3835","green","10.1016/j.apsb.2014.07.004","http://europepmc.org/articles/PMC4629088","europepmc"
"2211-3835","green","10.1016/j.apsb.2014.08.001","http://europepmc.org/articles/PMC4629096","europepmc"
"2211-3835","green","10.1016/j.apsb.2014.08.002","http://europepmc.org/articles/PMC4629098","europepmc"
"2211-3835","green","10.1016/j.apsb.2014.08.003","http://europepmc.org/articles/PMC4629097","europepmc"
"2211-3835","green","10.1016/j.apsb.2014.09.001","http://europepmc.org/articles/PMC4629105","europepmc"
"2211-3835","green","10.1016/j.apsb.2015.01.012","http://europepmc.org/articles/PMC4629231","europepmc"
"2211-3835","green","10.1016/j.apsb.2015.03.007","http://europepmc.org/articles/PMC4629243","europepmc"
"2211-3835","green","10.1016/j.apsb.2015.02.001","http://europepmc.org/articles/PMC4629230","europepmc"
"2211-3835","green","10.1016/j.apsb.2015.03.013","http://europepmc.org/articles/PMC4629265","europepmc"
"2211-3835","green","10.1016/j.apsb.2015.03.011","http://europepmc.org/articles/PMC4629264","europepmc"
"2211-3835","green","10.1016/j.apsb.2015.03.009","http://europepmc.org/articles/PMC4629261","europepmc"
"2211-3835","green","10.1016/j.apsb.2015.03.008","http://europepmc.org/articles/PMC4629252","europepmc"
"2211-3835","green","10.1016/j.apsb.2015.03.012","http://europepmc.org/articles/PMC4629263","europepmc"
"2211-3835","green","10.1016/j.apsb.2015.01.011","http://europepmc.org/articles/PMC4629229","europepmc"
"2211-3835","green","10.1016/j.apsb.2015.02.003","http://europepmc.org/articles/PMC4629233","europepmc"
"2211-3835","green","10.1016/j.apsb.2015.03.006","http://europepmc.org/articles/PMC4629235","europepmc"
"2211-3835","green","10.1016/j.apsb.2015.03.015","http://europepmc.org/articles/PMC4629266","europepmc"
"2211-3835","green","10.1016/j.apsb.2014.01.004","http://europepmc.org/articles/PMC4590722","europepmc"
"2211-3835","green","10.1016/j.apsb.2014.01.005","http://europepmc.org/articles/PMC4590306","europepmc"
"2211-3835","green","10.1016/j.apsb.2014.01.003","http://europepmc.org/articles/PMC4590299","europepmc"
"2211-3835","green","10.1016/j.apsb.2013.12.010","http://europepmc.org/articles/PMC4590724","europepmc"
"2211-3835","green","10.1016/j.apsb.2013.12.005","http://europepmc.org/articles/PMC4590725","europepmc"
"2211-3835","green","10.1016/j.apsb.2013.12.006","http://europepmc.org/articles/PMC4590303","europepmc"
"2211-3835","green","10.1016/j.apsb.2013.12.012","http://europepmc.org/articles/PMC4590720","europepmc"
"2211-3835","green","10.1016/j.apsb.2013.12.009","http://europepmc.org/articles/PMC4590719","europepmc"
"2211-3835","green","10.1016/j.apsb.2013.12.003","http://europepmc.org/articles/PMC4590717","europepmc"
"2211-3835","green","10.1016/j.apsb.2013.12.011","http://europepmc.org/articles/PMC4590292","europepmc"
"2211-3835","green","10.1016/j.apsb.2013.12.013","http://europepmc.org/articles/PMC4193954","europepmc"
"2211-3835","green","10.1016/j.apsb.2013.12.002","http://europepmc.org/articles/PMC4590291","europepmc"
"2211-3835","green","10.1016/j.apsb.2013.11.002","http://europepmc.org/articles/PMC4590294","europepmc"
"2211-3835","green","10.1016/j.apsb.2013.11.001","http://europepmc.org/articles/PMC4590721","europepmc"
"2211-3835","green","10.1016/j.apsb.2015.05.005","http://europepmc.org/articles/PMC4629407","europepmc"
"2211-3835","green","10.1016/j.apsb.2015.05.008","http://europepmc.org/articles/PMC4629420","europepmc"
"2211-3835","green","10.1016/j.apsb.2015.01.008","http://europepmc.org/articles/PMC4629268","europepmc"
"2211-3835","green","10.1016/j.apsb.2015.02.002","http://europepmc.org/articles/PMC4629276","europepmc"
"2211-3835","green","10.1016/j.apsb.2015.03.014","http://europepmc.org/articles/PMC4629281","europepmc"
"2211-3835","green","10.1016/j.apsb.2015.05.006","http://europepmc.org/articles/PMC4629408","europepmc"
"2211-3835","green","10.1016/j.apsb.2014.12.010","http://europepmc.org/articles/PMC4629267","europepmc"
"2211-3835","green","10.1016/j.apsb.2013.11.003","http://europepmc.org/articles/PMC4590728","europepmc"
"2211-3835","green","10.1016/j.apsb.2014.11.003","http://europepmc.org/articles/PMC4629124","europepmc"
"2211-3835","green","10.1016/j.apsb.2014.08.004","http://europepmc.org/articles/PMC4629101","europepmc"
"2211-3835","green","10.1016/j.apsb.2015.05.002","http://europepmc.org/articles/PMC4629423","europepmc"
"2211-3835","green","10.1016/j.apsb.2015.05.007","http://europepmc.org/articles/PMC4629436","europepmc"
"2211-3835","green","10.1016/j.apsb.2015.04.001","http://europepmc.org/articles/PMC4629422","europepmc"
"2211-3835","green","10.1016/j.apsb.2015.07.004","http://europepmc.org/articles/PMC4629445","europepmc"
"2211-3835","green","10.1016/j.apsb.2015.07.002","http://europepmc.org/articles/PMC4629444","europepmc"
"2211-3835","green","10.1016/j.apsb.2015.06.003","http://europepmc.org/articles/PMC4629438","europepmc"
"2211-3835","green","10.1016/j.apsb.2015.06.004","http://europepmc.org/articles/PMC4629439","europepmc"
"2211-3835","green","10.1016/j.apsb.2015.06.005","http://europepmc.org/articles/PMC4629440","europepmc"
"2211-3835","green","10.1016/j.apsb.2015.07.003","http://europepmc.org/articles/PMC4629443","europepmc"
"2211-3835","green","10.1016/j.apsb.2015.07.001","http://europepmc.org/articles/PMC4629442","europepmc"
"2211-3835","green","10.1016/j.apsb.2015.05.009","http://europepmc.org/articles/PMC4629437","europepmc"
"2211-3835","green","10.1016/j.apsb.2015.07.006","http://europepmc.org/articles/PMC4629447","europepmc"
"2211-3835","green","10.1016/j.apsb.2015.07.005","http://europepmc.org/articles/PMC4629446","europepmc"
"2211-3835","green","10.1016/j.apsb.2015.05.003","http://europepmc.org/articles/PMC4629282","europepmc"
"2211-3835","green","10.1016/j.apsb.2015.01.010","http://europepmc.org/articles/PMC4629269","europepmc"
"2211-3835","green","10.1016/j.apsb.2015.02.004","http://europepmc.org/articles/PMC4629277","europepmc"
"2211-3835","green","10.1016/j.apsb.2015.07.008","http://europepmc.org/articles/PMC4675810","europepmc"
"2211-3835","green","10.1016/j.apsb.2015.08.001","http://europepmc.org/articles/PMC4675809","europepmc"
"2211-3835","green","10.1016/j.apsb.2015.07.007","http://europepmc.org/articles/PMC4675808","europepmc"
"2211-3835","green","10.1016/j.apsb.2015.09.006","http://europepmc.org/articles/PMC4675819","europepmc"
"2211-3835","green","10.1016/j.apsb.2015.05.004","http://europepmc.org/articles/PMC4675807","europepmc"
"2211-3835","green","10.1016/j.apsb.2015.09.001","http://europepmc.org/articles/PMC4675811","europepmc"
"2211-3835","green","10.1016/j.apsb.2015.07.010","http://europepmc.org/articles/PMC4675812","europepmc"
"2211-3835","green","10.1016/j.apsb.2015.09.003","http://europepmc.org/articles/PMC4675816","europepmc"
"2211-3835","green","10.1016/j.apsb.2015.09.005","http://europepmc.org/articles/PMC4675814","europepmc"
"2211-3835","green","10.1016/j.apsb.2015.09.002","http://europepmc.org/articles/PMC4675815","europepmc"
"2211-3835","green","10.1016/j.apsb.2015.09.004","http://europepmc.org/articles/PMC4675821","europepmc"
"2211-3835","green","10.1016/j.apsb.2014.01.002","http://europepmc.org/articles/PMC4590300","europepmc"
"2211-3835","green","10.1016/j.apsb.2014.01.001","http://europepmc.org/articles/PMC4590302","europepmc"
"2211-3835","green","10.1016/j.apsb.2014.02.001","http://europepmc.org/articles/PMC4590726","europepmc"
"2211-3835","green","10.1016/j.apsb.2014.02.004","http://europepmc.org/articles/PMC4590723","europepmc"
"2211-3835","green","10.1016/j.apsb.2013.12.008","http://europepmc.org/articles/PMC4590298","europepmc"
"2211-3835","green","10.1016/j.apsb.2014.02.005","http://europepmc.org/articles/PMC4590297","europepmc"
"2211-3835","green","10.1016/j.apsb.2014.02.007","http://europepmc.org/articles/PMC4590296","europepmc"
"2211-3835","green","10.1016/j.apsb.2014.02.002","http://europepmc.org/articles/PMC4590727","europepmc"
"2211-3835","green","10.1016/j.apsb.2013.12.001","http://europepmc.org/articles/PMC4590304","europepmc"
"2211-3835","green","10.1016/j.apsb.2013.12.007","http://europepmc.org/articles/PMC4590293","europepmc"
"2211-3835","green","10.1016/j.apsb.2014.02.006","http://europepmc.org/articles/PMC4629065","europepmc"
"2211-3835","green","10.1016/j.apsb.2014.02.003","http://europepmc.org/articles/PMC4629066","europepmc"
"2211-3835","green","10.1016/j.apsb.2014.03.001","http://europepmc.org/articles/PMC4629063","europepmc"
"2211-3835","green","10.1016/j.apsb.2014.03.002","http://europepmc.org/articles/PMC4629064","europepmc"
"2211-3835","green","10.1016/j.apsb.2014.04.001","http://europepmc.org/articles/PMC4629068","europepmc"
"2211-3835","green","10.1016/j.apsb.2014.04.002","http://europepmc.org/articles/PMC4629076","europepmc"
"2211-3835","green","10.1016/j.apsb.2014.04.003","http://europepmc.org/articles/PMC4629067","europepmc"
"2211-3835","green","10.1016/j.apsb.2014.12.008","http://europepmc.org/articles/PMC4629212","europepmc"
"2211-3835","green","10.1016/j.apsb.2014.11.002","http://europepmc.org/articles/PMC4629119","europepmc"
"2211-3835","green","10.1016/j.apsb.2014.12.007","http://europepmc.org/articles/PMC4629211","europepmc"
"2211-3835","green","10.1016/j.apsb.2014.12.006","http://europepmc.org/articles/PMC4629210","europepmc"
"2211-3835","green","10.1016/j.apsb.2014.11.001","http://europepmc.org/articles/PMC4629120","europepmc"
"2211-3835","green","10.1016/j.apsb.2014.12.005","http://europepmc.org/articles/PMC4629208","europepmc"
"2211-3835","green","10.1016/j.apsb.2014.12.003","http://europepmc.org/articles/PMC4629123","europepmc"
"2211-3835","green","10.1016/j.apsb.2014.12.001","http://europepmc.org/articles/PMC4629209","europepmc"
"2211-3835","green","10.1016/j.apsb.2014.12.002","http://europepmc.org/articles/PMC4629138","europepmc"
"2211-3835","green","10.1016/j.apsb.2014.12.004","http://europepmc.org/articles/PMC4629207","europepmc"
"2211-3835","green","10.1016/j.apsb.2014.10.003","http://europepmc.org/articles/PMC4629107","europepmc"
"2211-3835","green","10.1016/j.apsb.2014.10.004","http://europepmc.org/articles/PMC4629111","europepmc"
"2211-3835","green","10.1016/j.apsb.2014.10.006","http://europepmc.org/articles/PMC4629109","europepmc"
"2211-3835","green","10.1016/j.apsb.2014.10.005","http://europepmc.org/articles/PMC4629108","europepmc"
"2211-3835","green","10.1016/j.apsb.2014.10.002","http://europepmc.org/articles/PMC4629110","europepmc"
"2211-3835","green","10.1016/j.apsb.2014.10.001","http://europepmc.org/articles/PMC4629106","europepmc"
"2211-3835","green","10.1016/j.apsb.2013.12.004","http://europepmc.org/articles/PMC4590295","europepmc"
"2211-3835","green","10.1016/j.apsb.2015.03.002","http://europepmc.org/articles/PMC4629226","europepmc"
"2211-3835","green","10.1016/j.apsb.2015.03.003","http://europepmc.org/articles/PMC4629227","europepmc"
"2211-3835","green","10.1016/j.apsb.2015.03.004","http://europepmc.org/articles/PMC4629228","europepmc"
"2211-3835","green","10.1016/j.apsb.2015.01.003","http://europepmc.org/articles/PMC4629216","europepmc"
"2211-3835","green","10.1016/j.apsb.2015.01.006","http://europepmc.org/articles/PMC4629220","europepmc"
"2211-3835","green","10.1016/j.apsb.2014.12.009","http://europepmc.org/articles/PMC4629213","europepmc"
"2211-3835","green","10.1016/j.apsb.2015.01.009","http://europepmc.org/articles/PMC4629225","europepmc"
"2211-3835","green","10.1016/j.apsb.2015.01.001","http://europepmc.org/articles/PMC4629214","europepmc"
"2211-3835","green","10.1016/j.apsb.2015.01.005","http://europepmc.org/articles/PMC4629218","europepmc"
"2211-3835","green","10.1016/j.apsb.2015.01.002","http://europepmc.org/articles/PMC4629215","europepmc"
"2211-3835","green","10.1016/j.apsb.2015.01.004","http://europepmc.org/articles/PMC4629217","europepmc"
"2211-3835","green","10.1016/j.apsb.2015.01.007","http://europepmc.org/articles/PMC4629221","europepmc"
"2211-3835","green","10.1016/j.apsb.2014.12.011","http://europepmc.org/articles/PMC4629219","europepmc"
"0001-706X","green","10.1016/j.actatropica.2014.11.008","http://europepmc.org/articles/PMC4296692","europepmc"
"0001-706X","green","10.1016/j.actatropica.2015.05.007","http://europepmc.org/articles/PMC4644990","europepmc"
"0001-706X","green","10.1016/j.actatropica.2015.02.018","http://europepmc.org/articles/PMC4441730","europepmc"
"0001-706X","green","10.1016/j.actatropica.2013.09.025","http://europepmc.org/articles/PMC4008939","europepmc"
"0001-706X","green","10.1016/j.actatropica.2015.01.009","http://europepmc.org/articles/PMC4380135","europepmc"
"0306-4603","green","10.1016/j.addbeh.2014.03.009","http://europepmc.org/articles/PMC4003532","europepmc"
"0306-4603","green","10.1016/j.addbeh.2014.11.010","http://europepmc.org/articles/PMC4294420","europepmc"
"0306-4603","green","10.1016/j.addbeh.2015.01.026","http://europepmc.org/articles/PMC4376294","europepmc"
"0169-409X","green","10.1016/j.addr.2014.02.010","http://europepmc.org/articles/PMC4074676","europepmc"
"0169-409X","green","10.1016/j.addr.2014.01.002","http://europepmc.org/articles/PMC4076844","europepmc"
"2212-4926","green","10.1016/j.jbior.2014.09.007","http://europepmc.org/articles/PMC4359101","europepmc"
"2212-4926","green","10.1016/j.jbior.2013.08.006","http://europepmc.org/articles/PMC3946563","europepmc"
"1040-2608","green","10.1016/j.alcr.2014.01.005","http://europepmc.org/articles/PMC4477715","europepmc"
"1568-1637","green","10.1016/j.arr.2015.01.004","http://europepmc.org/articles/PMC4504031","europepmc"
"1568-1637","green","10.1016/j.arr.2014.01.004","http://europepmc.org/articles/PMC3989046","europepmc"
"0168-1923","green","10.1016/j.agrformet.2014.01.010","http://europepmc.org/articles/PMC3990433","europepmc"
"0167-8809","green","10.1016/j.agee.2013.10.032","http://europepmc.org/articles/PMC3990452","europepmc"
"1323-8930","yellow","10.1016/j.alit.2015.04.004","http://europepmc.org/articles/PMC4484772","europepmc"
"1552-5260","green","10.1016/j.jalz.2014.05.1749","http://europepmc.org/articles/PMC4240530","europepmc"
"1552-5260","green","10.1016/j.jalz.2014.04.005","http://europepmc.org/articles/PMC4392759","europepmc"
"1552-5260","green","10.1016/j.jalz.2014.04.003","http://europepmc.org/articles/PMC4255273","europepmc"
"1552-5260","green","10.1016/j.jalz.2015.06.1885","http://europepmc.org/articles/PMC4655106","europepmc"
"0002-8703","green","10.1016/j.ahj.2014.11.020","http://europepmc.org/articles/PMC4398501","europepmc"
"0002-8703","green","10.1016/j.ahj.2014.10.008","http://europepmc.org/articles/PMC4277294","europepmc"
"0002-8703","green","10.1016/j.ahj.2015.01.011","http://europepmc.org/articles/PMC4441104","europepmc"
"0002-8703","green","10.1016/j.ahj.2013.10.024","http://europepmc.org/articles/PMC3904213","europepmc"
"0002-8703","green","10.1016/j.ahj.2014.06.022","http://europepmc.org/articles/PMC4220017","europepmc"
"0272-6386","green","10.1053/j.ajkd.2013.12.013","http://europepmc.org/articles/PMC4068325","europepmc"
"0272-6386","green","10.1053/j.ajkd.2015.03.040","http://europepmc.org/articles/PMC4528072","europepmc"
"0272-6386","green","10.1053/j.ajkd.2014.11.027","http://europepmc.org/articles/PMC4510204","europepmc"
"0272-6386","green","10.1053/j.ajkd.2014.08.011","http://europepmc.org/articles/PMC4339698","europepmc"
"0272-6386","green","10.1053/j.ajkd.2015.07.021","http://europepmc.org/articles/PMC4685934","europepmc"
"0002-9378","green","10.1016/j.ajog.2013.10.879","http://europepmc.org/articles/PMC4046649","europepmc"
"0002-9378","green","10.1016/j.ajog.2014.08.005","http://europepmc.org/articles/PMC4342521","europepmc"
"0002-9394","green","10.1016/j.ajo.2015.08.032","http://europepmc.org/articles/PMC4653116","europepmc"
"0002-9394","green","10.1016/j.ajo.2014.09.020","http://europepmc.org/articles/PMC4265734","europepmc"
"0002-9394","green","10.1016/j.ajo.2014.07.036","http://europepmc.org/articles/PMC4389631","europepmc"
"0002-9394","green","10.1016/j.ajo.2015.02.020","http://europepmc.org/articles/PMC4430174","europepmc"
"0002-9394","green","10.1016/j.ajo.2015.05.008","http://europepmc.org/articles/PMC4518129","europepmc"
"0749-3797","green","10.1016/j.amepre.2014.09.025","http://europepmc.org/articles/PMC4476642","europepmc"
"0749-3797","green","10.1016/j.amepre.2014.07.008","http://europepmc.org/articles/PMC4568742","europepmc"
"0749-3797","green","10.1016/j.amepre.2014.07.006","http://europepmc.org/articles/PMC4476383","europepmc"
"0749-3797","green","10.1016/j.amepre.2014.07.007","http://europepmc.org/articles/PMC4469363","europepmc"
"0749-3797","green","10.1016/j.amepre.2014.07.040","http://europepmc.org/articles/PMC4493902","europepmc"
"0749-3797","green","10.1016/j.amepre.2014.07.045","http://europepmc.org/articles/PMC4708056","europepmc"
"0749-3797","green","10.1016/j.amepre.2015.03.009","http://europepmc.org/articles/PMC4518501","europepmc"
"0749-3797","green","10.1016/j.amepre.2015.04.020","http://europepmc.org/articles/PMC4651322","europepmc"
"0749-3797","green","10.1016/j.amepre.2013.10.011","http://europepmc.org/articles/PMC3898870","europepmc"
"0003-2670","green","10.1016/j.aca.2014.06.032","http://europepmc.org/articles/PMC4223412","europepmc"
"0003-2670","green","10.1016/j.aca.2013.10.042","http://europepmc.org/articles/PMC3894717","europepmc"
"0003-2670","green","10.1016/j.aca.2014.05.043","http://europepmc.org/articles/PMC4150488","europepmc"
"0003-2697","green","10.1016/j.ab.2015.08.025","http://europepmc.org/articles/PMC4615133","europepmc"
"0003-2697","green","10.1016/j.ab.2014.03.004","http://europepmc.org/articles/PMC4007590","europepmc"
"0003-3472","green","10.1016/j.anbehav.2015.04.005","http://europepmc.org/articles/PMC4510205","europepmc"
"0003-3472","green","10.1016/j.anbehav.2015.06.008","http://europepmc.org/articles/PMC4550430","europepmc"
"0003-3472","green","10.1016/j.anbehav.2015.07.002","http://europepmc.org/articles/PMC4550429","europepmc"
"0003-3472","green","10.1016/j.anbehav.2015.01.016","http://europepmc.org/articles/PMC4370370","europepmc"
"0003-3472","green","10.1016/j.anbehav.2014.11.017","http://europepmc.org/articles/PMC4317197","europepmc"
"0003-3472","green","10.1016/j.anbehav.2014.12.022","http://europepmc.org/articles/PMC4344230","europepmc"
"0003-3472","green","10.1016/j.anbehav.2014.04.028","http://europepmc.org/articles/PMC4087292","europepmc"
"0003-3472","green","10.1016/j.anbehav.2014.07.008","http://europepmc.org/articles/PMC4157325","europepmc"
"0003-3472","green","10.1016/j.anbehav.2015.04.020","http://europepmc.org/articles/PMC4523690","europepmc"
"0003-3472","green","10.1016/j.anbehav.2014.02.025","http://europepmc.org/articles/PMC4045381","europepmc"
"0003-3472","green","10.1016/j.anbehav.2014.02.023","http://europepmc.org/articles/PMC4045399","europepmc"
"0003-3472","green","10.1016/j.anbehav.2015.07.016","http://europepmc.org/articles/PMC4579410","europepmc"
"0378-4320","green","10.1016/j.anireprosci.2015.09.019","http://europepmc.org/articles/PMC4679792","europepmc"
"0196-0644","green","10.1016/j.annemergmed.2014.12.028","http://europepmc.org/articles/PMC4414542","europepmc"
"1047-2797","green","10.1016/j.annepidem.2014.03.004","http://europepmc.org/articles/PMC4211925","europepmc"
"2049-0801","green","10.1016/j.amsu.2014.07.002","http://europepmc.org/articles/PMC4284444","europepmc"
"2049-0801","green","10.1016/j.amsu.2014.06.003","http://europepmc.org/articles/PMC4284453","europepmc"
"2049-0801","green","10.1016/j.amsu.2014.09.002","http://europepmc.org/articles/PMC4284441","europepmc"
"2049-0801","green","10.1016/j.amsu.2015.07.020","http://europepmc.org/articles/PMC4537883","europepmc"
"2049-0801","green","10.1016/j.amsu.2014.12.001","http://europepmc.org/articles/PMC4323760","europepmc"
"2049-0801","green","10.1016/j.amsu.2014.11.003","http://europepmc.org/articles/PMC4323754","europepmc"
"2049-0801","green","10.1016/j.amsu.2014.12.004","http://europepmc.org/articles/PMC4323753","europepmc"
"2049-0801","green","10.1016/j.amsu.2015.01.004","http://europepmc.org/articles/PMC4348450","europepmc"
"2049-0801","green","10.1016/j.amsu.2015.01.003","http://europepmc.org/articles/PMC4405003","europepmc"
"2049-0801","green","10.1016/j.amsu.2015.01.002","http://europepmc.org/articles/PMC4348442","europepmc"
"2049-0801","green","10.1016/j.amsu.2015.01.005","http://europepmc.org/articles/PMC4405004","europepmc"
"2049-0801","green","10.1016/j.amsu.2014.12.002","http://europepmc.org/articles/PMC4323762","europepmc"
"2049-0801","green","10.1016/j.amsu.2014.11.005","http://europepmc.org/articles/PMC4323748","europepmc"
"2049-0801","green","10.1016/j.amsu.2014.12.003","http://europepmc.org/articles/PMC4323756","europepmc"
"2049-0801","green","10.1016/j.amsu.2014.11.002","http://europepmc.org/articles/PMC4323742","europepmc"
"2049-0801","green","10.1016/j.amsu.2014.10.001","http://europepmc.org/articles/PMC4323759","europepmc"
"2049-0801","green","10.1016/j.amsu.2015.01.001","http://europepmc.org/articles/PMC4323757","europepmc"
"2049-0801","green","10.1016/j.amsu.2014.07.005","http://europepmc.org/articles/PMC4372641","europepmc"
"2049-0801","green","10.1016/j.amsu.2014.07.006","http://europepmc.org/articles/PMC4323747","europepmc"
"2049-0801","green","10.1016/j.amsu.2015.02.001","http://europepmc.org/articles/PMC4355450","europepmc"
"2049-0801","green","10.1016/j.amsu.2015.02.002","http://europepmc.org/articles/PMC4355451","europepmc"
"2049-0801","green","10.1016/j.amsu.2014.04.003","http://europepmc.org/articles/PMC4284454","europepmc"
"2049-0801","green","10.1016/j.amsu.2014.04.002","http://europepmc.org/articles/PMC4284455","europepmc"
"2049-0801","green","10.1016/j.amsu.2014.06.002","http://europepmc.org/articles/PMC4284451","europepmc"
"2049-0801","green","10.1016/j.amsu.2014.03.005","http://europepmc.org/articles/PMC4284448","europepmc"
"2049-0801","green","10.1016/j.amsu.2014.06.004","http://europepmc.org/articles/PMC4284443","europepmc"
"2049-0801","green","10.1016/j.amsu.2014.06.006","http://europepmc.org/articles/PMC4284449","europepmc"
"2049-0801","green","10.1016/j.amsu.2014.06.014","http://europepmc.org/articles/PMC4284440","europepmc"
"2049-0801","green","10.1016/j.amsu.2014.07.003","http://europepmc.org/articles/PMC4284439","europepmc"
"2049-0801","green","10.1016/j.amsu.2014.06.005","http://europepmc.org/articles/PMC4284456","europepmc"
"2049-0801","green","10.1016/j.amsu.2014.03.003","http://europepmc.org/articles/PMC4268482","europepmc"
"2049-0801","green","10.1016/j.amsu.2014.04.001","http://europepmc.org/articles/PMC4268474","europepmc"
"2049-0801","green","10.1016/j.amsu.2014.05.001","http://europepmc.org/articles/PMC4268481","europepmc"
"2049-0801","green","10.1016/j.amsu.2014.02.018","http://europepmc.org/articles/PMC4268475","europepmc"
"2049-0801","green","10.1016/j.amsu.2014.03.004","http://europepmc.org/articles/PMC4268476","europepmc"
"2049-0801","green","10.1016/j.amsu.2013.11.002","http://europepmc.org/articles/PMC4268473","europepmc"
"2049-0801","green","10.1016/j.amsu.2013.12.001","http://europepmc.org/articles/PMC4268480","europepmc"
"2049-0801","green","10.1016/j.amsu.2013.11.001","http://europepmc.org/articles/PMC4268483","europepmc"
"2049-0801","green","10.1016/j.amsu.2015.03.007","http://europepmc.org/articles/PMC4412911","europepmc"
"2049-0801","green","10.1016/j.amsu.2015.04.004","http://europepmc.org/articles/PMC4434208","europepmc"
"2049-0801","green","10.1016/j.amsu.2015.04.005","http://europepmc.org/articles/PMC4434207","europepmc"
"2049-0801","green","10.1016/j.amsu.2015.04.003","http://europepmc.org/articles/PMC4421108","europepmc"
"2049-0801","green","10.1016/j.amsu.2015.04.006","http://europepmc.org/articles/PMC4430706","europepmc"
"2049-0801","green","10.1016/j.amsu.2015.04.002","http://europepmc.org/articles/PMC4434209","europepmc"
"2049-0801","green","10.1016/j.amsu.2015.04.001","http://europepmc.org/articles/PMC4421109","europepmc"
"2049-0801","green","10.1016/j.amsu.2015.04.020","http://europepmc.org/articles/PMC4430705","europepmc"
"2049-0801","green","10.1016/j.amsu.2015.04.019","http://europepmc.org/articles/PMC4423716","europepmc"
"2049-0801","green","10.1016/j.amsu.2015.04.021","http://europepmc.org/articles/PMC4434206","europepmc"
"2049-0801","green","10.1016/j.amsu.2015.05.005","http://europepmc.org/articles/PMC4446552","europepmc"
"2049-0801","green","10.1016/j.amsu.2015.04.026","http://europepmc.org/articles/PMC4434204","europepmc"
"2049-0801","green","10.1016/j.amsu.2015.04.027","http://europepmc.org/articles/PMC4430704","europepmc"
"2049-0801","green","10.1016/j.amsu.2015.05.001","http://europepmc.org/articles/PMC4436506","europepmc"
"2049-0801","green","10.1016/j.amsu.2015.05.002","http://europepmc.org/articles/PMC4442693","europepmc"
"2049-0801","green","10.1016/j.amsu.2015.05.003","http://europepmc.org/articles/PMC4454785","europepmc"
"2049-0801","green","10.1016/j.amsu.2015.05.004","http://europepmc.org/articles/PMC4454786","europepmc"
"2049-0801","green","10.1016/j.amsu.2014.06.001","http://europepmc.org/articles/PMC4284450","europepmc"
"2049-0801","green","10.1016/j.amsu.2014.07.004","http://europepmc.org/articles/PMC4284447","europepmc"
"2049-0801","green","10.1016/j.amsu.2015.09.007","http://europepmc.org/articles/PMC4614898","europepmc"
"2049-0801","green","10.1016/j.amsu.2014.11.006","http://europepmc.org/articles/PMC4381131","europepmc"
"2049-0801","green","10.1016/j.amsu.2015.03.001","http://europepmc.org/articles/PMC4388910","europepmc"
"2049-0801","green","10.1016/j.amsu.2015.03.003","http://europepmc.org/articles/PMC4388911","europepmc"
"2049-0801","green","10.1016/j.amsu.2015.03.002","http://europepmc.org/articles/PMC4389207","europepmc"
"2049-0801","green","10.1016/j.amsu.2015.03.008","http://europepmc.org/articles/PMC4398819","europepmc"
"2049-0801","green","10.1016/j.amsu.2015.03.004","http://europepmc.org/articles/PMC4404414","europepmc"
"2049-0801","green","10.1016/j.amsu.2015.03.005","http://europepmc.org/articles/PMC4402385","europepmc"
"2049-0801","green","10.1016/j.amsu.2015.07.004","http://europepmc.org/articles/PMC4543083","europepmc"
"2049-0801","green","10.1016/j.amsu.2015.07.016","http://europepmc.org/articles/PMC4624565","europepmc"
"2049-0801","green","10.1016/j.amsu.2015.05.008","http://europepmc.org/articles/PMC4488562","europepmc"
"2049-0801","green","10.1016/j.amsu.2015.05.009","http://europepmc.org/articles/PMC4488569","europepmc"
"2049-0801","green","10.1016/j.amsu.2015.03.006","http://europepmc.org/articles/PMC4486463","europepmc"
"2049-0801","green","10.1016/j.amsu.2015.08.002","http://europepmc.org/articles/PMC4572399","europepmc"
"2049-0801","green","10.1016/j.amsu.2014.07.001","http://europepmc.org/articles/PMC4284452","europepmc"
"2049-0801","green","10.1016/j.amsu.2014.03.002","http://europepmc.org/articles/PMC4268477","europepmc"
"2049-0801","green","10.1016/j.amsu.2014.03.001","http://europepmc.org/articles/PMC4268478","europepmc"
"2049-0801","green","10.1016/j.amsu.2015.05.007","http://europepmc.org/articles/PMC4488557","europepmc"
"2049-0801","green","10.1016/j.amsu.2015.08.004","http://europepmc.org/articles/PMC4556781","europepmc"
"2049-0801","green","10.1016/j.amsu.2015.08.007","http://europepmc.org/articles/PMC4556812","europepmc"
"2049-0801","green","10.1016/j.amsu.2015.07.003","http://europepmc.org/articles/PMC4624570","europepmc"
"2049-0801","green","10.1016/j.amsu.2015.07.005","http://europepmc.org/articles/PMC4624569","europepmc"
"2049-0801","green","10.1016/j.amsu.2015.08.003","http://europepmc.org/articles/PMC4556782","europepmc"
"2049-0801","green","10.1016/j.amsu.2015.08.005","http://europepmc.org/articles/PMC4564386","europepmc"
"2049-0801","green","10.1016/j.amsu.2015.08.006","http://europepmc.org/articles/PMC4556813","europepmc"
"2049-0801","green","10.1016/j.amsu.2015.07.006","http://europepmc.org/articles/PMC4624566","europepmc"
"2049-0801","green","10.1016/j.amsu.2015.07.007","http://europepmc.org/articles/PMC4624560","europepmc"
"2049-0801","green","10.1016/j.amsu.2015.08.001","http://europepmc.org/articles/PMC4556780","europepmc"
"2049-0801","green","10.1016/j.amsu.2015.07.018","http://europepmc.org/articles/PMC4539185","europepmc"
"2049-0801","green","10.1016/j.amsu.2015.07.017","http://europepmc.org/articles/PMC4539184","europepmc"
"2049-0801","green","10.1016/j.amsu.2015.07.019","http://europepmc.org/articles/PMC4539162","europepmc"
"2049-0801","green","10.1016/j.amsu.2015.07.015","http://europepmc.org/articles/PMC4624563","europepmc"
"2049-0801","green","10.1016/j.amsu.2015.07.001","http://europepmc.org/articles/PMC4513189","europepmc"
"2049-0801","green","10.1016/j.amsu.2014.09.001","http://europepmc.org/articles/PMC4284445","europepmc"
"2049-0801","green","10.1016/j.amsu.2015.08.008","http://europepmc.org/articles/PMC4600940","europepmc"
"2049-0801","green","10.1016/j.amsu.2015.09.001","http://europepmc.org/articles/PMC4600939","europepmc"
"2049-0801","green","10.1016/j.amsu.2015.08.009","http://europepmc.org/articles/PMC4600942","europepmc"
"2049-0801","green","10.1016/j.amsu.2015.09.005","http://europepmc.org/articles/PMC4602355","europepmc"
"2049-0801","green","10.1016/j.amsu.2015.09.004","http://europepmc.org/articles/PMC4600937","europepmc"
"2049-0801","green","10.1016/j.amsu.2015.09.003","http://europepmc.org/articles/PMC4637340","europepmc"
"2049-0801","green","10.1016/j.amsu.2015.09.006","http://europepmc.org/articles/PMC4600938","europepmc"
"2049-0801","green","10.1016/j.amsu.2015.09.009","http://europepmc.org/articles/PMC4602362","europepmc"
"2049-0801","green","10.1016/j.amsu.2015.09.010","http://europepmc.org/articles/PMC4600941","europepmc"
"2049-0801","green","10.1016/j.amsu.2015.09.011","http://europepmc.org/articles/PMC4602360","europepmc"
"2049-0801","green","10.1016/j.amsu.2015.10.004","http://europepmc.org/articles/PMC4637338","europepmc"
"2049-0801","green","10.1016/j.amsu.2015.10.002","http://europepmc.org/articles/PMC4610956","europepmc"
"2049-0801","green","10.1016/j.amsu.2015.10.005","http://europepmc.org/articles/PMC4610954","europepmc"
"2049-0801","green","10.1016/j.amsu.2015.09.008","http://europepmc.org/articles/PMC4637339","europepmc"
"2049-0801","green","10.1016/j.amsu.2015.10.008","http://europepmc.org/articles/PMC4637341","europepmc"
"2049-0801","green","10.1016/j.amsu.2015.10.016","http://europepmc.org/articles/PMC4652026","europepmc"
"2049-0801","green","10.1016/j.amsu.2015.10.014","http://europepmc.org/articles/PMC4652027","europepmc"
"2049-0801","green","10.1016/j.amsu.2015.10.012","http://europepmc.org/articles/PMC4660275","europepmc"
"2049-0801","green","10.1016/j.amsu.2015.05.006","http://europepmc.org/articles/PMC4455911","europepmc"
"2049-0801","green","10.1016/j.amsu.2015.10.015","http://europepmc.org/articles/PMC4680082","europepmc"
"0003-4916","green","10.1016/j.aop.2014.09.011","http://europepmc.org/articles/PMC4263216","europepmc"
"0166-3542","green","10.1016/j.antiviral.2015.02.005","http://europepmc.org/articles/PMC4398321","europepmc"
"0166-3542","green","10.1016/j.antiviral.2014.06.009","http://europepmc.org/articles/PMC4149609","europepmc"
"0166-3542","green","10.1016/j.antiviral.2014.02.013","http://europepmc.org/articles/PMC4034163","europepmc"
"0166-3542","green","10.1016/j.antiviral.2014.12.018","http://europepmc.org/articles/PMC4329992","europepmc"
"0166-3542","green","10.1016/j.antiviral.2015.10.001","http://europepmc.org/articles/PMC4678293","europepmc"
"0166-3542","green","10.1016/j.antiviral.2015.10.006","http://europepmc.org/articles/PMC4678291","europepmc"
"0195-6663","green","10.1016/j.appet.2015.01.025","http://europepmc.org/articles/PMC4376393","europepmc"
"0195-6663","green","10.1016/j.appet.2015.01.010","http://europepmc.org/articles/PMC4376392","europepmc"
"0195-6663","green","10.1016/j.appet.2015.01.018","http://europepmc.org/articles/PMC4544036","europepmc"
"0195-6663","green","10.1016/j.appet.2014.11.002","http://europepmc.org/articles/PMC4286113","europepmc"
"0195-6663","green","10.1016/j.appet.2014.11.006","http://europepmc.org/articles/PMC4286116","europepmc"
"0195-6663","green","10.1016/j.appet.2015.05.022","http://europepmc.org/articles/PMC4509715","europepmc"
"0195-6663","green","10.1016/j.appet.2015.05.034","http://europepmc.org/articles/PMC4509509","europepmc"
"0195-6663","green","10.1016/j.appet.2015.04.069","http://europepmc.org/articles/PMC4509783","europepmc"
"0195-6663","green","10.1016/j.appet.2014.02.020","http://europepmc.org/articles/PMC4152876","europepmc"
"0195-6663","green","10.1016/j.appet.2015.04.004","http://europepmc.org/articles/PMC4504026","europepmc"
"0195-6663","green","10.1016/j.appet.2015.03.034","http://europepmc.org/articles/PMC4504027","europepmc"
"0195-6663","green","10.1016/j.appet.2014.08.038","http://europepmc.org/articles/PMC4217146","europepmc"
"0195-6663","green","10.1016/j.appet.2014.10.022","http://europepmc.org/articles/PMC4262578","europepmc"
